{"rmse": 59.066847004065224, "mae": 46.56581186082628}